prognosticator_slug,prognosticator_name,location,prognosticator_type,prognosticator_status,prognosticator_creature,prognosticator_phylum,prognosticator_class,prognosticator_order
Allen-McButterpants,Allen McButterpants,"Hampton Bays, NY",Groundhog,Creature,Groundhog,Chordata,Mammalia,Rodentia
Arboretum-Annie,Arboretum Annie,"Dallas, TX",Groundhog,Creature,Groundhog,Chordata,Mammalia,Rodentia
Athene,Athene,"Cape Coral, FL",Burrowing owl mascot,Inanimate,Owl,Chordata,Aves,Strigiformes
Babe,Babe,"Indianapolis, IN",Groundhog,Creature,Groundhog,Chordata,Mammalia,Rodentia
Babylon-Belle,Babylon Belle,"Babylon, NY",Groundhog Mascot,Human Mascot,Groundhog,Chordata,Mammalia,Rodentia
Balzac-Billy,Balzac Billy,"Balzac, AB",Gopher mascot,Human Mascot,Gopher,Chordata,Mammalia,Rodentia
Beans,Beans,"Buda, TX",Dachshund,Creature,Dog,Chordata,Mammalia,Carnivora
Beardsley-Bart,Beardsley Bart,"Bridgeport, CT",Stuffed Prairie Dog,Inanimate,Prairie Dog,Chordata,Mammalia,Rodentia
Bee-Cave-Bob,Bee Cave Bob,"Bee Cave, TX",Armadillo,Creature,Armadillo,Chordata,Mammalia,Cingulata
Benny-the-Bass,Benny the Bass,"Buckeye Lake, OH",Bass,Creature,Bass,Chordata,Actinopterygii,Perciformes
Big-Al,Big Al,"Beaumont, TX",Alligator,Creature,Alligator,Chordata,Reptilia,Crocodilia
Big-Tex,Big Tex,"Beaumont, TX",Alligator,Creature,Alligator,Chordata,Reptilia,Crocodilia
Birmingham-owl,Birmingham Bilbo,"Birmingham, AL",Owl,Creature,Owl,Chordata,Aves,Strigiformes
Birmingham-Bill,Birmingham Bill,"Birmingham, AL",Groundhog,Creature,Groundhog,Chordata,Mammalia,Rodentia
Birmingham-Jill,Birmingham Jill,"Birmingham, AL",Opossum,Creature,Opossum,Chordata,Mammalia,Didelphimorphia
Biscuit-the-Packrat,Biscuit the Packrat,"Medicine Park, OK",Southern Plains Woodrat,Creature,Woodrat,Chordata,Mammalia,Rodentia
Bitterroot-Bill,Bitterroot Bill,"Stevensville, MT",Stuffed yellow-bellied marmot,Inanimate,Marmot,Chordata,Mammalia,Rodentia
Boise-Bill,Boise Bill,"Boise, ID",Stuffed Prairie Dog,Inanimate,Prairie Dog,Chordata,Mammalia,Rodentia
Bowman-Bill,Bowman Bill,"Stephens City, VA",Groundhog Puppet,Inanimate,Groundhog,Chordata,Mammalia,Rodentia
Bridget-the-Groundhog,Bridget the Groundhog,"Seattle, WA",Stuffed Groundhog,Inanimate,Groundhog,Chordata,Mammalia,Rodentia
Bristol-Bob,Bristol Bob,"Bristol, WI",Taxidermy Groundhog,Inanimate,Groundhog,Chordata,Mammalia,Rodentia
Bruiser-and-Gizmo,Bruiser and Gizmo,"Cincinnati, OH",Groundhog,Creature,Groundhog,Chordata,Mammalia,Rodentia
Buckeye-Chuck,Buckeye Chuck,"Marion, OH",Groundhog,Creature,Groundhog,Chordata,Mammalia,Rodentia
Buffalo-Bert,Buffalo Bert,"Buffalo, NY",Groundhog,Creature,Groundhog,Chordata,Mammalia,Rodentia
Buffalo-Mack,Buffalo Mack,"Buffalo, NY",Groundhog mascot,Human Mascot,Groundhog,Chordata,Mammalia,Rodentia
Burdock,Burdock,"Dayton, OH",Groundhog,Creature,Groundhog,Chordata,Mammalia,Rodentia
Buttercup,Buttercup,"West Dundee, IL",Groundhog,Creature,Groundhog,Chordata,Mammalia,Rodentia
Cedar,Cedar,"West Dundee, IL",Groundhog,Creature,Groundhog,Chordata,Mammalia,Rodentia
Chance,Chance,"Philadelphia, PA",Groundhog,Creature,Groundhog,Chordata,Mammalia,Rodentia
Charles-Sterling-Winchester,Charles Sterling Winchester III,"Indianapolis, IN",Groundhog,Creature,Groundhog,Chordata,Mammalia,Rodentia
Chattanooga-Chuck,Chattanooga Chuck,"Chattanooga, TN",Groundhog,Creature,Groundhog,Chordata,Mammalia,Rodentia
Chesapeake-Chuck,Chesapeake Chuck,"Newport News, VA",Groundhog,Creature,Groundhog,Chordata,Mammalia,Rodentia
Chester-and-Westey,Chester and Westey,"Cincinnati, OH",Groundhogs,Creature,Groundhog,Chordata,Mammalia,Rodentia
Chicago-Harry,Chicago Harry,"Chicago, IL",Groundhog,Creature,Groundhog,Chordata,Mammalia,Rodentia
Chilly-Charlie,Chilly Charlie,"Woodstock, ON",Groundhog mascot,Human Mascot,Groundhog,Chordata,Mammalia,Rodentia
Chipper,Chipper,"Brookfield, IL",Groundhog,Creature,Groundhog,Chordata,Mammalia,Rodentia
Chopper-and-Marlu,Chopper and Marlu,"Nanaimo, BC",Marmots,Creature,Marmot,Chordata,Mammalia,Rodentia
Chriki-the-Hedgehog,Chriki,"Portland, OR",Hedgehog,Creature,Hedgehog,Chordata,Mammalia,Eulipotyphla
Chubby-Jacksonville,Chubby,"Jacksonville, FL",Groundhog,Creature,Groundhog,Chordata,Mammalia,Rodentia
Chubby-II,Chubby II,"Chicago, IL",Groundhog,Creature,Groundhog,Chordata,Mammalia,Rodentia
Chuck-Wood,Chuck Wood,"Quincy, CA",Animatronic groundhog puppet,Inanimate,Groundhog,Chordata,Mammalia,Rodentia
Birmingham-Chuckles,Chuckles,"Birmingham, AL",Groundhog,Creature,Groundhog,Chordata,Mammalia,Rodentia
Chuckles,Chuckles,"Manchester, CT",Groundhog,Creature,Groundhog,Chordata,Mammalia,Rodentia
St-Louis-Chuckles,Chuckles,"St. Louis, MO",Groundhog,Creature,Groundhog,Chordata,Mammalia,Rodentia
Cincinnati-Sammy,Cincinnati Sammy,"Cincinnati, OH",Stuffed Groundhog Plushie,Inanimate,Groundhog,Chordata,Mammalia,Rodentia
Clucksatawney-Hen,Cluxatawney Henrietta,"Katonah, NY",Chicken,Creature,Chicken,Chordata,Aves,Galliformes
Cocalico-Cal,Cocalico Cal,"Ephrata, PA",Groundhog mascot,Human Mascot,Groundhog,Chordata,Mammalia,Rodentia
Cole-Lumbus,Cole Lumbus,"Columbus, NC",Wood spirit,Inanimate,Wood Spirit,,,
Concord-Casimir,Concord Casimir,"Concord, OH",Cat,Creature,Cat,Chordata,Mammalia,Carnivora
Concord-Charlie,Concord Charlie,"Athens, WV",Unseen Groundhog,Creature,Groundhog,Chordata,Mammalia,Rodentia
Cornelia,Cornelia,"Worcester, MA",Groundhog,Creature,Groundhog,Chordata,Mammalia,Rodentia
Corona-Kate-and-Flushing-Meadows-Phil,Corona Kate and Flushing Meadows Phil,"Queens, NY",Prairie dogs,Creature,Prairie Dog,Chordata,Mammalia,Rodentia
Deadly-Dan,Deadly Dan,"Ashland, OH",Stuffed Albino Groundhog,Inanimate,Groundhog,Chordata,Mammalia,Rodentia
Desdemona,Desdemona,"Houston, TX",Armadillo,Creature,Armadillo,Chordata,Mammalia,Cingulata
Dolly-and-Winston,Dolly Madison and Winston Churchill,"Cincinnati, OH",Groundhog,Creature,Groundhog,Chordata,Mammalia,Rodentia
Dover-Doug,Dover Doug,"Dover, PA",Groundhog mascot,Human Mascot,Groundhog,Chordata,Mammalia,Rodentia
Dozer-the-groundhog,Dozer,"Jeffersonville, IN",Groundhog,Creature,Groundhog,Chordata,Mammalia,Rodentia
Dunkirk-Dave,Dunkirk Dave,"Dunkirk, NY",Groundhog,Creature,Groundhog,Chordata,Mammalia,Rodentia
Edgewater-Elsie,Edgewater Elsie,"Roxbury, NJ",Groundhog sock puppet,Inanimate,Groundhog,Chordata,Mammalia,Rodentia
Elliott-the-Groundhog,Elliott the Groundhog,"Millersville, PA",Groundhog,Creature,Groundhog,Chordata,Mammalia,Rodentia
Elsa-the-Hedgehog,Elsa the Hedgehog,"Cape May Court House, NJ",Hedgehog,Creature,Hedgehog,Chordata,Mammalia,Eulipotyphla
Eric-guinea-pig,Eric,"Toronto, ON",Guinea Pig,Creature,Guinea Pig,Chordata,Mammalia,Rodentia
Ernest-the-Skunk,Ernest,"Saint-Félicien, QC",Skunk,Creature,Skunk,Chordata,Mammalia,Carnivora
Essex-Ed,Essex Ed,"West Orange, NJ",Groundhog,Creature,Groundhog,Chordata,Mammalia,Rodentia
Fenwick-Flossie,Fenwick Flossie,"Pelham, ON",Groundhog mascot,Human Mascot,Groundhog,Chordata,Mammalia,Rodentia
Fiddles,Fiddles,"Toronto, ON",Groundhog,Creature,Groundhog,Chordata,Mammalia,Rodentia
Fig-Newton,Fig Newton,"Gastonia, NC",Groundhog,Creature,Groundhog,Chordata,Mammalia,Rodentia
First-Coast-Friz,First Coast Friz,"Jacksonville, FL",Aardvark,Creature,Aardvark,Chordata,Mammalia,Tubulidentata
Flatiron-Freddy,Flatiron Freddy,"Boulder, CO",Stuffed yellow-bellied marmot,Inanimate,Marmot,Chordata,Mammalia,Rodentia
Flushing-Meadows-Phil,Flushing Meadows Phil,"Queens, NY",Prairie dog,Creature,Prairie Dog,Chordata,Mammalia,Rodentia
Fred-la-marmotte,Fred la marmotte,"Val-d'Espoir, QC",Groundhog,Creature,Groundhog,Chordata,Mammalia,Rodentia
French-Creek-Freddie,French Creek Freddie,"French Creek, WV",Groundhog,Creature,Groundhog,Chordata,Mammalia,Rodentia
Fufu-the-Hedgehog,Fufu the Hedgehog,"Portland, OR",Hedgehog,Creature,Hedgehog,Chordata,Mammalia,Eulipotyphla
Gaia,Gaia,"Chicago, IL",Groundhog,Creature,Groundhog,Chordata,Mammalia,Rodentia
General-Beauregard-Lee,General Beauregard Lee,"Jackson, GA",Groundhog,Creature,Groundhog,Chordata,Mammalia,Rodentia
Gertie-the-Groundhog,Gertie the Groundhog,"Hanna City, IL",Groundhog,Creature,Groundhog,Chordata,Mammalia,Rodentia
Gizmo2,Gizmo,"West Palm Beach, FL",Groundhog,Creature,Groundhog,Chordata,Mammalia,Rodentia
Gordy-the-groundhog,Gordy,"Milwaukee, WI",Groundhog,Creature,Groundhog,Chordata,Mammalia,Rodentia
Grady-the-Groundhog,Grady the Groundhog,"Chimney Rock, NC",Groundhog,Creature,Groundhog,Chordata,Mammalia,Rodentia
Great-Neck-Greta,Great Neck Greta,"Great Neck, NY",Groundhog,Creature,Groundhog,Chordata,Mammalia,Rodentia
Gregory,Gregory,"Oconomowoc, WI",Groundhog,Creature,Groundhog,Chordata,Mammalia,Rodentia
Greta-the-Groundhog,Greta the Groundhog,"Chimney Rock, NC",Groundhog,Creature,Groundhog,Chordata,Mammalia,Rodentia
Grizzly-G-H-Bear,"Grizzly ""G.H."" Bear","Oklahoma City, OK",Grizzly bear,Creature,Bear,Chordata,Mammalia,Carnivora
Grover-Cleveland-Undergrounder,Grover Cleveland Undergrounder,"Zanesville, OH",Groundhog,Creature,Groundhog,Chordata,Mammalia,Rodentia
Grover-the-Groundhog,Grover the Groundhog and Sweet Arrow Sue,"Pine Grove, PA",Stuffed groundhog,Inanimate,Groundhog,Chordata,Mammalia,Rodentia
Grubby-the-Groundhog,Grubby the Groundhog,"Hope, IN",Groundhog,Creature,Groundhog,Chordata,Mammalia,Rodentia
Gus,Gus,"Athens, GA",Groundhog,Creature,Groundhog,Chordata,Mammalia,Rodentia
Gus-Dreher,Gus,"West Palm Beach, FL",Groundhog,Creature,Groundhog,Chordata,Mammalia,Rodentia
Haddon-Harry,Haddon Harry the Groundhog,"Haddon Township, NJ",Groundhog mascot,Human Mascot,Groundhog,Chordata,Mammalia,Rodentia
Hammy,Hammy,"Philadelphia, PA",Groundhog,Creature,Groundhog,Chordata,Mammalia,Rodentia
Harleysville-Hank,Harleysville Hank,"Harleysville, PA",Stuffed groundhog,Inanimate,Groundhog,Chordata,Mammalia,Rodentia
Harvey,Harvey,"Charlotte, NC",Groundhog,Creature,Groundhog,Chordata,Mammalia,Rodentia
Heavens-Wildlife-Harvey,Heaven's Wildlife Harvey,"Oil Springs, ON",Groundhog,Creature,Groundhog,Chordata,Mammalia,Rodentia
Henrietta,Henrietta,"Indianapolis, IN",Groundhog,Creature,Groundhog,Chordata,Mammalia,Rodentia
Heritage-Hank,Heritage Hank,"Shillington, PA",Stuffed Groundhog,Inanimate,Groundhog,Chordata,Mammalia,Rodentia
Herman,Herman,"Toronto, ON",Vancouver Island Marmot,Creature,Marmot,Chordata,Mammalia,Rodentia
Hillary,Hillary,"Indianapolis, IN",Hedgehog,Creature,Hedgehog,Chordata,Mammalia,Eulipotyphla
Holland-Huckleberry-Too,Holland Huckleberry Too,"Holland, OH",Groundhog,Creature,Groundhog,Chordata,Mammalia,Rodentia
Holtsville-Hal,Holtsville Hal,"Holtsville, NY",Groundhog,Creature,Groundhog,Chordata,Mammalia,Rodentia
Hope-the-Groundhog,Hope the Groundhog,"Hope, IN",Groundhog,Creature,Groundhog,Chordata,Mammalia,Rodentia
Huckleberry-Holland,Huckleberry Holland,"Holland, OH",Groundhog,Creature,Groundhog,Chordata,Mammalia,Rodentia
HuckyBellaRose,Hucky Bella Rose,"Holland, OH",Groundhog,Creature,Groundhog,Chordata,Mammalia,Rodentia
HuckyBlueToo,HuckyBlueToo,"Holland, OH",Groundhog,Creature,Groundhog,Chordata,Mammalia,Rodentia
Hudson,Hudson,"Brookfield, IL",Polar Bear,Creature,Polar Bear,Chordata,Mammalia,Carnivora
Hutty-the-Hog,Hutty the Hog,"Kansas City, MO",Groundhog,Creature,Groundhog,Chordata,Mammalia,Rodentia
Ivy,Ivy,"Dayton, OH",Groundhog,Creature,Groundhog,Chordata,Mammalia,Rodentia
Jabari-the-Hedgehog,Jabari,"Portland, OR",Hedgehog,Creature,Hedgehog,Chordata,Mammalia,Eulipotyphla
Jessup-Giuseppe,Jessup Giuseppe,"Jessup, PA",Ferret,Creature,Ferret,Chordata,Mammalia,Carnivora
Jewels-Alpaca,Jewels,"West Dundee, IL",Alpaca,Creature,Alpaca,Chordata,Mammalia,Artiodactyla
Jimmy-the-Groundhog,Jimmy the Groundhog,"Sun Prairie, WI",Groundhog,Creature,Groundhog,Chordata,Mammalia,Rodentia
Josie-Burrow,Josie Burrow,"Mount Washington, KY",Groundhog,Creature,Groundhog,Chordata,Mammalia,Rodentia
Juno-the-Polar-Bear,Juno the Polar Bear,"Toronto, ON",Polar Bear,Creature,Polar Bear,Chordata,Mammalia,Carnivora
Ke-the-Hedgehog,Ke,"Portland, OR",Hedgehog,Creature,Hedgehog,Chordata,Mammalia,Eulipotyphla
Kennebec-Kenny,Kennebec Kenny,"Augusta, ME",Groundhog mascot,Inanimate,Groundhog,Chordata,Mammalia,Rodentia
King-Tusk,King Tusk,"New York City, NY",Elephant,Creature,Elephant,Chordata,Mammalia,Proboscidea
Lacey,Lacey,"West Orange, NJ",Groundhog,Creature,Groundhog,Chordata,Mammalia,Rodentia
Essex-Edwina,Lady Edwina of Essex,"West Orange, NJ",Groundhog,Creature,Groundhog,Chordata,Mammalia,Rodentia
Lander-Lil,Lander Lil,"Lander, WY",Bronze Prairie Dog Statue,Inanimate,Prairie Dog,Chordata,Mammalia,Rodentia
Landing-Lily,Landing Lily,"Landing, NJ",Groundhog sock puppet,Inanimate,Groundhog,Chordata,Mammalia,Rodentia
Landis-Lou,Landis Lou,"Lititz, PA",Stuffed Groundhog,Inanimate,Groundhog,Chordata,Mammalia,Rodentia
Lawrenceville-Lucy,Lawrenceville Lucy,"Lawrenceville, PA",Groundhog,Creature,Groundhog,Chordata,Mammalia,Rodentia
Leia,Leia,"New Orleans, LA",Aardvark,Creature,Aardvark,Chordata,Mammalia,Tubulidentata
Little-Hog,Little Hog,"Indianapolis, IN",Groundhog,Creature,Groundhog,Chordata,Mammalia,Rodentia
Lucy-the-Lobster,Lucy the Lobster,"Barrington Passage, NS",Lobster,Creature,Lobster,Arthropoda,Malacostraca,Decapoda
Luna-Hedgehog,Luna,"Chattanooga, TN",Hedgehog,Creature,Hedgehog,Chordata,Mammalia,Eulipotyphla
Lux-the-Skunk,Lux the Skunk,"Newport News, VA",Skunk,Creature,Skunk,Chordata,Mammalia,Carnivora
Madoc-Mike,Madoc Mike,"Madoc, ON",Groundhog,Creature,Groundhog,Chordata,Mammalia,Rodentia
Major,Major,"Mount Washington, KY",Groundhog,Creature,Groundhog,Chordata,Mammalia,Rodentia
Malverne-Mel,Malverne Mel,"Malverne, NY",Groundhog,Creature,Groundhog,Chordata,Mammalia,Rodentia
Manitoba-Merv,Manitoba Merv,"Winnipeg, MB",Groundhog puppet,Inanimate,Groundhog,Chordata,Mammalia,Rodentia
Mayzie-the-Hedgehog,Mayzie,"Portland, OR",Hedgehog,Creature,Hedgehog,Chordata,Mammalia,Eulipotyphla
Middlemiss-Mike,Middlemiss Mike and family,"Melbourne, ON",Stuffed groundhog,Inanimate,Groundhog,Chordata,Mammalia,Rodentia
Millie,Millie,"West Orange, NJ",Groundhog,Creature,Groundhog,Chordata,Mammalia,Rodentia
Millie-the-Hedgehog,Millie the Hedgehog,"Jacksonville, FL",Hedgehog,Creature,Hedgehog,Chordata,Mammalia,Eulipotyphla
Milltown-Mel,Milltown Mel,"Milltown, NJ",Groundhog,Creature,Groundhog,Chordata,Mammalia,Rodentia
Milwaukee-Nigerian-Dwarf-Goats,Milwaukee County Zoo Nigerian Dwarf Goats,"Milwaukee, WI",Nigerian Dwarf Goats,Creature,Goat,Chordata,Mammalia,Artiodactyla
Milwaukee-Penguins,Milwaukee County Zoo Penguins,"Milwaukee, WI",Humboldt penguins,Creature,Penguin,Chordata,Aves,Sphenisciformes
Minnie-the-skunk,Minnie the skunk,"Racine, WI",Skunk,Creature,Skunk,Chordata,Mammalia,Carnivora
Miss-Lottie,Miss Lottie,"Charlotte, NC",Groundhog,Creature,Groundhog,Chordata,Mammalia,Rodentia
Mojave-Maxine,Mojave Maxine,"Palm Desert, CA",Desert Tortoise,Creature,Desert Tortoise,Chordata,Reptilia,Testudines
Mokie,Mokie,"West Palm Beach, FL",Sun bear,Creature,Bear,Chordata,Mammalia,Carnivora
Mokie-and-Sunny,Mokie and Sunny,"West Palm Beach, FL",Sun bears,Creature,Bear,Chordata,Mammalia,Carnivora
Mona,Mona,"Schnecksville, PA",Groundhog,Creature,Groundhog,Chordata,Mammalia,Rodentia
Mona-3,Mona III,"St. Louis, MO",Groundhog,Creature,Groundhog,Chordata,Mammalia,Rodentia
Monty,Monty,"Harrisburg, PA",Dog dressed as a bear pretending to be a groundhog,Creature,Dog,Chordata,Mammalia,Carnivora
Mortimer,Mortimer,"Garner, NC",Groundhog,Creature,Groundhog,Chordata,Mammalia,Rodentia
Mt-Gretna-Grady,Mount Gretna Grady,"Mt. Gretna, PA",Groundhog puppet,Inanimate,Groundhog,Chordata,Mammalia,Rodentia
Mount-Joy-Minnie,Mount Joy Minnie,"Mount Joy, PA",Stuffed Groundhog,Inanimate,Groundhog,Chordata,Mammalia,Rodentia
Zac,Mr. Prozac,"Oxford, MI",Llama,Creature,Llama,Chordata,Mammalia,Artiodactyla
Ms_G,Ms. G,"Lincoln, MA",Groundhog,Creature,Groundhog,Chordata,Mammalia,Rodentia
Ms-Prickle-Pants,Ms. Prickle Pants,"Cape May Court House, NJ",Hedgehog,Creature,Hedgehog,Chordata,Mammalia,Eulipotyphla
MT-Parker,MT Parker,"Lancaster, PA",Stuffed Groundhog,Inanimate,Groundhog,Chordata,Mammalia,Rodentia
Murray-the-Groundhog,Murray the Groundhog,"Alton, IL",Groundhog,Creature,Groundhog,Chordata,Mammalia,Rodentia
Nacho,Nacho,"Buda, TX",Dachshund,Creature,Dog,Chordata,Mammalia,Carnivora
Nancy-the-Hedgehog,Nancy the Hedgehog,"Portland, OR",Hedgehog,Creature,Hedgehog,Chordata,Mammalia,Eulipotyphla
Nibbles,Nibbles,"Asheville, NC",Groundhog,Creature,Groundhog,Chordata,Mammalia,Rodentia
Nibblet,Niblet,"Smithtown, NY",Groundhog,Creature,Groundhog,Chordata,Mammalia,Rodentia
Nick,Nick,"West Palm Beach, FL",Patagonian cavy,Creature,Patagonian Cavy,Chordata,Mammalia,Rodentia
Nippy,Nippy,"Philadelphia, PA",Groundhog,Creature,Groundhog,Chordata,Mammalia,Rodentia
Nostradamus,Nostradamus,"Birmingham, AL",Groundhog,Creature,Groundhog,Chordata,Mammalia,Rodentia
Octoraro-Orphie,Octoraro Orphie,"Quarryville, PA",Stuffed Groundhog,Inanimate,Groundhog,Chordata,Mammalia,Rodentia
Odyssey-The-Otter,Odyssey the Otter,"Dayton, OH",Otter Mascot,Human Mascot,Otter,Chordata,Mammalia,Carnivora
Oil-Springs-Ollie,Oil Springs Ollie,"Oil Springs, ON",Groundhog,Creature,Groundhog,Chordata,Mammalia,Rodentia
Okanagan-Okie,Okanagan Okie,"Vernon, BC",Yellow-bellied marmot,Creature,Marmot,Chordata,Mammalia,Rodentia
Okie-the-mascot,Okie the Mascot,"Vernon, BC",Marmot mascot,Inanimate,Marmot,Chordata,Mammalia,Rodentia
Oklahoma-City-Zoo-Bears,Oklahoma City Zoo Bears,"Oklahoma City, OK",Bears,Creature,Bear,Chordata,Mammalia,Carnivora
Ophelia-and-Hollywood,Ophelia and Hollywood,"Cape May Court House, NJ",Ostriches,Creature,Ostrich,Chordata,Aves,Struthioniformes
Orion-the-deer,Orion the Deer,"Newport News, VA",Deer,Creature,Deer,Chordata,Mammalia,Artiodactyla
Oromocto-Ollie,Oromocto Ollie,"Oromocto, NB",Groundhog,Creature,Groundhog,Chordata,Mammalia,Rodentia
Oscar-the-Groundhog,Oscar the Groundhog,"Kutztown, PA",Groundhog,Creature,Groundhog,Chordata,Mammalia,Rodentia
Otis-hedgehog,Otis the Hedgehog,"West Orange, NJ",Hedgehog,Creature,Hedgehog,Chordata,Mammalia,Eulipotyphla
Palm-Beach-Pete,Palm Beach Pete,"West Palm Beach, FL",Groundhog,Creature,Groundhog,Chordata,Mammalia,Rodentia
Palm-Beach-Petunia,Palm Beach Petunia,"West Palm Beach, FL",Groundhog,Creature,Groundhog,Chordata,Mammalia,Rodentia
Parish-the-Nutria,Parish,"New Orleans, LA",Nutria,Creature,Nutria,Chordata,Mammalia,Rodentia
Parker,Parker,"Jacksonville, FL",Hedgehog,Creature,Hedgehog,Chordata,Mammalia,Eulipotyphla
Patty-Pagoda,Patty Pagoda,"Reading, PA",Groundhog mascot,Human Mascot,Groundhog,Chordata,Mammalia,Rodentia
Peanuts,Peanuts,"Philadelphia, PA",Groundhog,Creature,Groundhog,Chordata,Mammalia,Rodentia
PeeWee,PeeWee,"Mile Square, VT",Groundhog,Creature,Groundhog,Chordata,Mammalia,Rodentia
Pennsburg-Polly-and-Pennsburg-Pete,Pennsburg Polly and Pennsburg Pete,"Pennsburg, PA",Groundhog Mascot/Stuffed Groundhog,Human Mascot,Groundhog,Chordata,Mammalia,Rodentia
Peter-the-Paca,Peter the Paca,"West Palm Beach, FL",Paca,Creature,Paca,Chordata,Mammalia,Rodentia
Phoebe-hedgehog,Phoebe,"Manchester, CT",Hedgehog,Creature,Hedgehog,Chordata,Mammalia,Eulipotyphla
Pierre-C-Shadeaux,Pierre C. Shadeaux,"New Iberia, LA",Nutria,Creature,Nutria,Chordata,Mammalia,Rodentia
Pinnelope,Pinnelope,"Jacksonville, FL",Hedgehog,Creature,Hedgehog,Chordata,Mammalia,Eulipotyphla
Pisgah-Penny,Pisgah Penny,"Brevard, NC",White Squirrel,Creature,Squirrel,Chordata,Mammalia,Rodentia
Pisgah-Pete,Pisgah Pete,"Brevard, NC",White Squirrel,Creature,Squirrel,Chordata,Mammalia,Rodentia
Pisgah-Piper,Pisgah Piper,"Brevard, NC",White Squirrel,Creature,Squirrel,Chordata,Mammalia,Rodentia
Polk-County-Paula,Polk County Paula,"Des Moines, IA",Groundhog mascot,Human Mascot,Groundhog,Chordata,Mammalia,Rodentia
Poor-Richard,Poor Richard,"York, PA",Stuffed Groundhog,Inanimate,Groundhog,Chordata,Mammalia,Rodentia
Poppy-the-Groundhog,Poppy the Groundhog,"Millersville, PA",Groundhog,Creature,Groundhog,Chordata,Mammalia,Rodentia
Poppy-the-Skunk,Poppy the Skunk,"Lancaster, OH",Skunk,Creature,Shunk,Chordata,Mammalia,Carnivora
Potato-and-Yam,Potato and Yam,"Chimney Rock, NC",Groundhog,Creature,Groundhog,Chordata,Mammalia,Rodentia
Potawatomi-Poppy,Potawatomi Poppy,"South Bend, IN",Groundhog,Creature,Groundhog,Chordata,Mammalia,Rodentia
Potomac-Phil,Potomac Phil,"Washington, DC",Taxidermy Groundhog,Inanimate,Groundhog,Chordata,Mammalia,Rodentia
Pouch-the-opossum,Pouch,"Athens, GA",Opossum,Creature,Opossum,Chordata,Mammalia,Didelphimorphia
Prairie-Dog-Pete,Prairie Dog Pete,"Lubbock, TX",Prairie Dog,Creature,Prairie Dog,Chordata,Mammalia,Rodentia
Poppy-the-Prairie-Dog,Prairie Dog Poppy,"Medicine Park, OK",Prairie Dog,Creature,Prairie Dog,Chordata,Mammalia,Rodentia
Puck,Puck,"St. Louis, MO",Groundhog,Creature,Groundhog,Chordata,Mammalia,Rodentia
Pudding-Hill-Pete,Pudding Hill Pete,"Lyndon, VT",Groundhog,Creature,Groundhog,Chordata,Mammalia,Rodentia
Pumpkin-the-Groundhog,Pumpkin,"Chimney Rock, NC",Groundhog,Creature,Groundhog,Chordata,Mammalia,Rodentia
Punxsutawney-Phil,Punxsutawney Phil,"Punxsutawney, PA",Groundhog,Creature,Groundhog,Chordata,Mammalia,Rodentia
Queen-Charlotte,Queen Charlotte,"Charlotte, NC",Groundhog,Creature,Groundhog,Chordata,Mammalia,Rodentia
Queen-City-Charlie,Queen City Charlie,"Cumberland, MD",Groundhog Mascot,Human Mascot,Groundhog,Chordata,Mammalia,Rodentia
Quentin-Quahog,Quentin the Quahog,"Nantucket, MA",Quahog,Creature,Quahog,Mollusca,Bivalvia,Venerida
Quigley-Groundhog,Quigley,"Quogue, NY",Groundhog,Creature,Groundhog,Chordata,Mammalia,Rodentia
Quilliam,Quilliam,"Dayton, OH",Hedgehog,Creature,Hedgehog,Chordata,Mammalia,Eulipotyphla
Ridge-Lea-Larry,Ridge Lea Larry,"Buffalo, NY",Taxidermy groundhog,Inanimate,Groundhog,Chordata,Mammalia,Rodentia
Ridge-Road-Router,Ridge Road Router,MD,Groundhog,Creature,Groundhog,Chordata,Mammalia,Rodentia
Rosie,Rosie,"Dayton, OH",Groundhog,Creature,Groundhog,Chordata,Mammalia,Rodentia
Rowdy,Rowdy,"Indianapolis, IN",Groundhog,Creature,Groundhog,Chordata,Mammalia,Rodentia
Roxbury-Rita,Roxbury Rita,"Roxbury, NJ",Groundhog sock puppet,Inanimate,Groundhog,Chordata,Mammalia,Rodentia
Rufus-rufa,Rufus,"Seattle, WA",Stuffed Aplodontia Rufa,Inanimate,Mountain Beaver,Chordata,Mammalia,Rodentia
Sam-Champion,Sam Champion,"Quogue, NY",Groundhog,Creature,Groundhog,Chordata,Mammalia,Rodentia
Sam-Champion-and-Al-Roker,Sam Champion and Al Roker,"Quogue, NY",Groundhogs,Creature,Groundhog,Chordata,Mammalia,Rodentia
Sand-Mountain-Sam,Sand Mountain Sam,"Albertville, AL",Opossum,Creature,Opossum,Chordata,Mammalia,Didelphimorphia
Sassafras,Sassafras,"New Orleans, LA",Black bear,Creature,Bear,Chordata,Mammalia,Carnivora
Schnogadahl-Sammi,Schnogadahl Sammi,"Kresgeville, PA",Taxidermy Groundhog,Inanimate,Groundhog,Chordata,Mammalia,Rodentia
Scramble-the-duck,Scramble the Duck,"Eastford, CT",Duck,Creature,Duck,Chordata,Aves,Anseriformes
Seattle-Sue,Seattle Sue,"Seattle, WA",Stuffed Mountain Beaver,Inanimate,Mountain Beaver,Chordata,Mammalia,Rodentia
Shadow,Shadow,"Brookfield, IL",Groundhogs,Creature,Groundhog,Chordata,Mammalia,Rodentia
Shadow-and-Sunshine,Shadow and Sunshine,"Brookfield, IL",Groundhogs,Creature,Groundhog,Chordata,Mammalia,Rodentia
Shipoke-Sheena,Shipoke Sheena,"Harrisburg, PA",Dog dressed as a bear pretending to be a groundhog,Creature,Dog,Chordata,Mammalia,Carnivora
Shubenacadie-Sam,Shubenacadie Sam,"Shubenacadie, NS",Groundhog,Creature,Groundhog,Chordata,Mammalia,Rodentia
Simms,Simms,"West Orange, NJ",Groundhog,Creature,Groundhog,Chordata,Mammalia,Rodentia
Sir-Desmond-of-Algiers,Sir Desmond of Algiers,"New Orleans, LA",Dog,Creature,Dog,Chordata,Mammalia,Carnivora
Sir-Thomas-Hastings,Sir Thomas Hastings,"Hastings, NE",Stuffed groundhog,Inanimate,Groundhog,Chordata,Mammalia,Rodentia
Sir-Walter-Wally,Sir Walter Wally,"Raleigh, NC",Groundhog,Creature,Groundhog,Chordata,Mammalia,Rodentia
Smith-Lake-Jake,Smith Lake Jake,"Graysville, AL",Groundhog,Creature,Groundhog,Chordata,Mammalia,Rodentia
Snack-Town-Steve,Snack Town Steve,"Hanover, PA",Gray Squirrel,Creature,Squirrel,Chordata,Mammalia,Rodentia
Snerd,Snerd,"Garner, NC",Groundhog,Creature,Groundhog,Chordata,Mammalia,Rodentia
Snohomish-Slew,Snohomish Slew,"Snohomish, WA",Bullfrog,Creature,Bullfrog,Chordata,Amphibia,Anura
Snow-Lilly,Snow Lilly,"Milwaukee, WI",Polar bear,Creature,Polar Bear,Chordata,Mammalia,Carnivora
Snowy,Snowy,"Pend Oreille County, WA",Prarie dog,Creature,Prairie Dog,Chordata,Mammalia,Rodentia
Somerset-Maugham,Somerset Maugham,"Bridgewater, NJ",Groundhog,Creature,Groundhog,Chordata,Mammalia,Rodentia
Somerset-Sadie,Somerset Sadie,"Bridgewater, NJ",Groundhog,Creature,Groundhog,Chordata,Mammalia,Rodentia
Sonic,Sonic,"Kansas City, MO",Hedgehog,Creature,Hedgehog,Chordata,Mammalia,Eulipotyphla
South-Shore-Sally,South Shore Sally,"Munster, IN",Groundhog,Creature,Groundhog,Chordata,Mammalia,Rodentia
Spanky,Spanky,"West Palm Beach, FL",Sun bear,Creature,Bear,Chordata,Mammalia,Carnivora
Spike,Spike,"Duluth, MN",Porcupine,Creature,Porcupine,Chordata,Mammalia,Rodentia
Spike-Kansas-City-Zoo,Spike,"Kansas City, MO",Porcupine,Creature,Porcupine,Chordata,Mammalia,Rodentia
Spike-the-Prognosticating-Porcupine,Spike the Prognosticating Porcupine,"Jacksonville, FL",Porcupine,Creature,Porcupine,Chordata,Mammalia,Rodentia
Squeaky-and-Toby,Squeaky and Toby,"Chicago, IL",Groundhogs,Creature,Groundhog,Chordata,Mammalia,Rodentia
Starr-Lions,Starr Lions,"Greenfield, WI",Lion statues,Inanimate,Lion,Chordata,Mammalia,Carnivora
Staten-Island-Chuck,Staten Island Chuck,"Staten Island, NY",Groundhog,Creature,Groundhog,Chordata,Mammalia,Rodentia
Stonewall-Jackson,Stonewall Jackson,"Wantage, NJ",Groundhog,Creature,Groundhog,Chordata,Mammalia,Rodentia
Stormy-and-Cloudy,Stormy and Cloudy,"Brookfield, IL",Groundhogs,Creature,Groundhog,Chordata,Mammalia,Rodentia
Stormy-Marmot,Stormy Marmot,"Aurora, CO",Stuffed yellow-bellied marmot,Inanimate,Marmot,Chordata,Mammalia,Rodentia
Stumptown-Fil,Stumptown Fil,"Portland, OR",Beaver,Creature,Beaver,Chordata,Mammalia,Rodentia
Sunny-Milwaukee,Sunny,"Milwaukee, WI",Groundhog,Creature,Groundhog,Chordata,Mammalia,Rodentia
Sunny,Sunny,"West Palm Beach, FL",Sun bear,Creature,Bear,Chordata,Mammalia,Carnivora
Sunny-the-Groundhog,Sunny the Groundhog,"Racine, WI",Groundhog,Creature,Groundhog,Chordata,Mammalia,Rodentia
Sunset-Sam,Sunset Sam,"Sunset City, UT",Guinea Pig,Creature,Guinea Pig,Chordata,Mammalia,Rodentia
Sunshine,Sunshine,"Brookfield, IL",Groundhog,Creature,Groundhog,Chordata,Mammalia,Rodentia
Sunshine2,Sunshine,"Brookfield, IL",Groundhog,Creature,Groundhog,Chordata,Mammalia,Rodentia
Susie,Susie,"Philadelphia, PA",Groundhog,Creature,Groundhog,Chordata,Mammalia,Rodentia
Susquehanna-Sherman,Susquehanna Sherman,"Mount Wolf, PA",Stuffed Groundhog,Inanimate,Groundhog,Chordata,Mammalia,Rodentia
Suzi,Suzi,"West Palm Beach, FL",Sun bear,Creature,Bear,Chordata,Mammalia,Carnivora
sweet-pea,Sweet Pea,"Newport News, VA",Groundhog,Creature,Groundhog,Chordata,Mammalia,Rodentia
Sylvia-Armadillo,"Sylvia, The Apex Armadillo","Apex, NC",Armadillo,Creature,Armadillo,Chordata,Mammalia,Cingulata
T-Boy-the-Nutria,T-Boy the Nutria,"New Orleans, LA",Nutria,Creature,Nutria,Chordata,Mammalia,Rodentia
Tacoma-Tilly,Tacoma Tilly,"Tacoma, WA",Groundhog,Creature,Groundhog,Chordata,Mammalia,Rodentia
Tad,Tad,"Snohomish, WA",Frog mascot,Inanimate,Frog,Chordata,Amphibia,Anura
Tad-and-Lil,Tad and Lil,"Snohomish, WA",Frog mascots,Inanimate,Frog,Chordata,Amphibia,Anura
Tater-the-Groundhog,Tater,"Chimney Rock, NC",Groundhog,Creature,Groundhog,Chordata,Mammalia,Rodentia
Tater,Tater the Hedgehog,"Kansas City, MO",Hedgehog,Creature,Hedgehog,Chordata,Mammalia,Eulipotyphla
That-Dog-Named-Gidget,That Dog Named Gidget,"Hurleyville, NY",Havanese,Creature,Dog,Chordata,Mammalia,Carnivora
Tinicum-Tim,Tinicum Tim,"Philadelphia, PA",Groundhog Puppet,Inanimate,Groundhog,Chordata,Mammalia,Rodentia
Tiva,Tiva,"Middletown, VA",Groundhog,Creature,Groundhog,Chordata,Mammalia,Rodentia
Toby,Toby,"Chicago, IL",Groundhog,Creature,Groundhog,Chordata,Mammalia,Rodentia
Toby-and-Winston,Toby and Winston,"Chicago, IL",Groundhogs,Creature,Groundhog,Chordata,Mammalia,Rodentia
Tumbleweed,Tumbleweed,"Brookfield, IL",Groundhog,Creature,Groundhog,Chordata,Mammalia,Rodentia
Turkey-and-Sequoia,Turkey and Sequoia,"New Orleans, LA",Capybaras,Creature,Capybara,Chordata,Mammalia,Rodentia
Tutor,Tutor,"Oxford, MI",Llama,Creature,Llama,Chordata,Mammalia,Artiodactyla
Two-Rivers-Tunnel,Two Rivers Tunnel,"Mira, NS",Groundhog,Creature,Groundhog,Chordata,Mammalia,Rodentia
Unadilla-Bill,Unadilla Bill,"Unadilla, NE",Stuffed groundhog,Inanimate,Groundhog,Chordata,Mammalia,Rodentia
Unadilla-Billie,Unadilla Billie,"Unadilla, NE",Stuffed groundhog,Inanimate,Groundhog,Chordata,Mammalia,Rodentia
Uni,Uni,"Myerstown, PA",Taxidermy mount Groundhog,Inanimate,Groundhog,Chordata,Mammalia,Rodentia
Van-Isle-Violet,Van Isle Violet,"Nanaimo, BC",Marmot,Creature,Marmot,Chordata,Mammalia,Rodentia
Velda-the-Hedgehog,Velda the Hedgehog,"Portland, OR",Hedgehog,Creature,Hedgehog,Chordata,Mammalia,Eulipotyphla
Virginia-Living-Museum-animals,Virginia Living Museum animals,"Newport News, VA",Unknown,Creature,Unknown,,,
Waffles,Waffles,"Colorado Springs, CO",Porcupine,Creature,Porcupine,Chordata,Mammalia,Rodentia
Waldo-Milwaukee,Waldo,"Milwaukee, WI",Groundhog,Creature,Groundhog,Chordata,Mammalia,Rodentia
Waldo-the-Woodchuck,Waldo the Woodchuck,"Oconomowoc, WI",Groundhog,Creature,Groundhog,Chordata,Mammalia,Rodentia
Walnut,Walnut,"Dayton, OH",Hedgehog,Creature,Hedgehog,Chordata,Mammalia,Eulipotyphla
Wanda,Wanda,"Milwaukee, WI",Groundhog,Creature,Groundhog,Chordata,Mammalia,Rodentia
Wanda-the-Groundhog,Wanda the Groundhog,IL,Groundhog,Creature,Groundhog,Chordata,Mammalia,Rodentia
Warkworth-Wilma,Warkworth Wilma,"Warkworth, ON",Stuff Plush Groundhog,Inanimate,Groundhog,Chordata,Mammalia,Rodentia
Western-Maryland-Murray,Western Maryland Murray,"Cumberland, MD",Groundhog,Creature,Groundhog,Chordata,Mammalia,Rodentia
Westey,Westey,"Cincinnati, OH",Groundhog,Creature,Groundhog,Chordata,Mammalia,Rodentia
Whiskers-J-the-Hedgehog,Whiskers J.,"Portland, OR",Hedgehog,Creature,Hedgehog,Chordata,Mammalia,Eulipotyphla
Wiarton-Willie,Wiarton Willie,"Wiarton, ON",Groundhog,Creature,Groundhog,Chordata,Mammalia,Rodentia
Wildwood-Willie,Wildwood Willie,"Toledo, OH",Stuffed Groundhog,Inanimate,Groundhog,Chordata,Mammalia,Rodentia
Will-and-wiley,Will and Wiley,"Oklahoma City, OK",Grizzly bears,Creature,Grizzly Bear,Chordata,Mammalia,Carnivora
Willie-the-groundhog,Willie the Groundhog,"Indianapolis, IN",Groundhog,Creature,Groundhog,Chordata,Mammalia,Rodentia
Willow-Groundhog,Willow,"Dow, IL",Groundhog,Creature,Groundhog,Chordata,Mammalia,Rodentia
Willow-the-Woodchuck,Willow the Woodchuck,"Oconomowoc, WI",Groundhog,Creature,Groundhog,Chordata,Mammalia,Rodentia
Winnipeg-Willow,Winnipeg Willow,"Winnipeg, MB",Groundhog,Creature,Groundhog,Chordata,Mammalia,Rodentia
Winnipeg-Wyn,Winnipeg Wyn,"Winnipeg, MB",Groundhog,Creature,Groundhog,Chordata,Mammalia,Rodentia
Winston,Winston,"Chicago, IL",Groundhog,Creature,Groundhog,Chordata,Mammalia,Rodentia
Winston-Churchill,Winston Churchill,"Cincinnati, OH",Groundhog,Creature,Groundhog,Chordata,Mammalia,Rodentia
Woodburn-Wild-Charles-Winchester,Woodburn Wild Charles Winchester,"Woodburn, IN",Groundhog,Creature,Groundhog,Chordata,Mammalia,Rodentia
Woodine,Woodine,"Milwaukee, WI",Groundhog,Creature,Groundhog,Chordata,Mammalia,Rodentia
Woodrow-K-Chuck,Woodrow K. Chuck,"West Orange, NJ",Groundhog,Creature,Groundhog,Chordata,Mammalia,Rodentia
Woodstock-Willie,Woodstock Willie,"Woodstock, IL",Groundhog,Creature,Groundhog,Chordata,Mammalia,Rodentia
Birmingham-Woody,Woody,"Birmingham, AL",Groundhog,Creature,Groundhog,Chordata,Mammalia,Rodentia
Lincoln-Park-Woody1,Woody,"Chicago, IL",Groundhog,Creature,Groundhog,Chordata,Mammalia,Rodentia
Lincoln-Park-Woody2,Woody,"Chicago, IL",Groundhog,Creature,Groundhog,Chordata,Mammalia,Rodentia
Woody,Woody,"Howell, MI",Groundhog,Creature,Groundhog,Chordata,Mammalia,Rodentia
Woody-Milwaukee,Woody,"Milwaukee, WI",Groundhog,Creature,Groundhog,Chordata,Mammalia,Rodentia
Woody-Guthrie,Woody Guthrie,"New Orleans, LA",Groundhog,Creature,Groundhog,Chordata,Mammalia,Rodentia
Wurzel,Wurzel,"Philadelphia, PA",Groundhog,Creature,Groundhog,Chordata,Mammalia,Rodentia
Wynonna-the-Wild-Hearts-Woodchuck,Wynonna the Wild Hearts Woodchuck,"Lewisburg, OH",Groundhog,Creature,Groundhog,Chordata,Mammalia,Rodentia
Wynter,Wynter,"Milwaukee, WI",Groundhog,Creature,Groundhog,Chordata,Mammalia,Rodentia
Yahdee,Yahdee,"Schnecksville, PA",Stuffed groundhog,Inanimate,Groundhog,Chordata,Mammalia,Rodentia
Yonah-the-Groundhog,Yonah the Groundhog,"Cleveland, GA",Groundhog,Creature,Groundhog,Chordata,Mammalia,Rodentia
groundhog-mamma,Groundhog mamma,02,Stuffed groundhog,Inanimate,Groundhog,Chordata,Mammalia,Rodentia
Featherstone,Featherstone,"Leominster, MA",Plastic Pink Flamingo,Inanimate,Flamingo,Chordata,Aves,Phoenicopteriformes
Bay-Beach-Bobbie,Bay Beach Bobbie,"Green Bay, WI",Groundhog,Creature,Groundhog,Chordata,Mammalia,Rodentia
Portage-la-Prairie-Larry,Portage la Prairie Larry,"Portage la Prairie, MB",Stuffed Groundhog,Inanimate,Groundhog,Chordata,Mammalia,Rodentia
Passamaquoddy-Pete,Passamaquoddy Pete,"Saint Andrews, NB",Homemade Groundhog,Inanimate,Groundhog,Chordata,Mammalia,Rodentia
Bay-Beach-Bernard,Bay Beach Bernard,"Green Bay, WI",Groundhog,Creature,Groundhog,Chordata,Mammalia,Rodentia
Marietta-Melvin,Marietta Melvin,"Marietta, PA",Groundhog puppet,Inanimate,Groundhog,Chordata,Mammalia,Rodentia
Tiana-Louis-and-Charlotte,"Tiana, Louis, and Charlotte","New Orleans, LA",Capybaras,Creature,Capybara,Chordata,Mammalia,Rodentia
Hudson-the-Polar-Bear,Hudson the Polar Bear,"Toronto, ON",Polar Bear,Creature,Polar Bear,Chordata,Mammalia,Carnivora
Milwaukee-Zoo-Eastern-Black-Rhinos,Milwaukee County Zoo Eastern Black Rhinos,"Milwaukee, WI",Eastern Black Rhinos,Creature,Rhinoceros,Chordata,Mammalia,Perissodactyla
Paulie-the-Rabbit,Paulie the Rabbit,"Milltown, NJ",Rabbit,Creature,Rabbit,Chordata,Mammalia,Lagomorpha
Tomothy,Tomothy,"Sewell, NJ",Eastern box turtle,Creature,Box Turtle,Chordata,Reptilia,Testudines
Caterpillar-Joe,Caterpillar Joe,"Trenton, GA",Painted rocks that resemble a caterpillar,Inanimate,Caterpillar,Arthropoda,Insecta,Lepidoptera
pluto-the-good-bunny,"Pluto ""The Good Bunny""","Apex, NC",Bunny Rabbit,Creature,Rabbit,Chordata,Mammalia,Lagomorpha
Mondawmin-Moose,Mondawmin Moose,"Baltimore, MD",Opossum,Creature,Opossum,Chordata,Mammalia,Didelphimorphia
Tempesta,Tempesta,WI,Great Dane,Creature,Dog,Chordata,Mammalia,Carnivora
CODdles,CODdles,"Cleveland, OH",Groundhog,Creature,Groundhog,Chordata,Mammalia,Rodentia
Maple,Maple,"Fresno, CA",Groundhog,Creature,Groundhog,Chordata,Mammalia,Rodentia
